5,byule4,Benoite Yule,byule4@narod.ru,INA,Botucatu,20260216,19700201
14,ccracknalld,Cortie Cracknall,ccracknalld@edublogs.org,ACT,Mouquim,20251111,19491029
22,jlampkinl,Jeremie Lampkin,jlampkinl@utexas.edu,INA,Bungalaleng,20260308,19461208
28,sbenkinr,Selle Benkin,sbenkinr@acquirethisname.com,ACT,Talok,20250823,19740605
31,rransteadu,Raina Ranstead,rransteadu@usa.gov,INA,Aubenas,20250410,20060128
32,iderisleyv,Ira Derisley,iderisleyv@163.com,ACT,Gowurdak,20250731,19630727
43,epether16,Elysia Pether,epether16@cnbc.com,ACT,Carcavelos,20251008,19780420
45,efuzzens18,Eliza Fuzzens,efuzzens18@google.es,INA,Utsjoki,20250109,19831220
49,hle1c,Hewet Le Cornu,hle1c@angelfire.com,INA,Xichehe,20251003,19850326
50,bbenns1d,Becki Benns,bbenns1d@globo.com,INA,Phaya Thai,20250129,19710329
52,mbavidge1f,Mame Bavidge,mbavidge1f@flickr.com,ACT,Bolnisi,20250805,19820311
54,tcleator1h,Theadora Cleator,tcleator1h@i2i.jp,ACT,Heping,20251209,19790911
72,tmacmearty1z,Thorvald MacMearty,tmacmearty1z@apple.com,INA,Charleston,20251206,19560728
74,bpickthall21,Benedikta Pickthall,bpickthall21@pcworld.com,INA,Tarauacá,20250430,19820413
77,vweber24,Venus Weber,vweber24@japanpost.jp,INA,Bunga Mas,20250329,20060425
80,rgaffey27,Roth Gaffey,rgaffey27@paginegialle.it,ACT,Asker,20250228,19951231
84,khobben2b,Kynthia Hobben,khobben2b@friendfeed.com,INA,Volzhsk,20250205,19780228
86,fosburn2d,Fulvia Osburn,fosburn2d@loc.gov,ACT,Shengli,20250123,20010610
91,hmerman2i,Harley Merman,hmerman2i@prnewswire.com,ACT,Zalesnoye,20250917,19790102
92,sburchmore2j,Stanton Burchmore,sburchmore2j@alexa.com,ACT,Yuty,20250626,19541107
93,rkimble2k,Ray Kimble,rkimble2k@imgur.com,ACT,Aurora,20250211,19980906
95,crue2m,Clare Rue,crue2m@nifty.com,INA,Mushie,20251119,20020817
0,vcostan2r,Vasily Costan,vcostan2r@surveymonkey.com,INA,Johanneshov,20260310,20031016
999999,test,Test testing,test@example.com,ACT,Montreal,20260331,20000101
